Name,Last,Email,Age,Gender,User,Password
Özkan, Özdoğan, ozkan.ozdogan@example.com, 72, male, browncat172, boxster
Mestan, Ertürk, mestan.erturk@example.com, 51, female, purplebutterfly974, milk
Nurdan, Elmastaşoğlu, nurdan.elmastasoglu@example.com, 22, female, beautifuldog307, florida
Ramon, Santana, ramon.santana@example.com, 58, male, organiccat776, neon
Amy, Claire, amy.claire@example.com, 33, female, blackduck544, phil
Christy, Johnston, christy.johnston@example.com, 76, female, greenmeercat489, allsop
Justine, Leclercq, justine.leclercq@example.com, 29, female, crazyduck100, laura1
Felix, Fernandez, felix.fernandez@example.com, 42, male, redwolf146, building
Joyce, Terry, joyce.terry@example.com, 58, female, bigswan761, 6669
Cyrill, Gonzalez, cyrill.gonzalez@example.com, 53, male, bluegoose998, zxczxc
Basile, Barbier, basile.barbier@example.com, 71, male, bigbird637, slim
Isabella, Miller, isabella.miller@example.com, 54, female, redfrog449, flanker
Veronika, Leemans, veronika.leemans@example.com, 74, female, brownpeacock258, 7779311
Gilbert, Gordon, gilbert.gordon@example.com, 76, male, bigcat511, kidrock
آرش, مرادی, arsh.mrdy@example.com, 57, male, tinysnake226, jellybea
Francisco, Pierce, francisco.pierce@example.com, 27, male, redmouse378, 11112222
Austin, Sanchez, austin.sanchez@example.com, 31, male, brownkoala171, tribble
Marius, Christiansen, marius.christiansen@example.com, 67, male, orangelion194, blonde
Jonathan, Christiansen, jonathan.christiansen@example.com, 26, male, ticklishwolf518, flyers
Akseli, Pulli, akseli.pulli@example.com, 69, male, greenbear410, shadows
Fırat, Abbring, firat.abbring@example.com, 36, male, happyleopard866, qiao
Quentin, Dubois, quentin.dubois@example.com, 35, male, smallmouse287, trojan
Beatrice, Williams, beatrice.williams@example.com, 72, female, bigduck819, meadow
Anne-Marie, Gaillard, anne-marie.gaillard@example.com, 48, female, bluefish321, jose
Shannon, Gonzalez, shannon.gonzalez@example.com, 72, female, yellowkoala933, nudes
Marco, Lopez, marco.lopez@example.com, 38, male, happybird897, hawkins
Adem, Kurutluoğlu, adem.kurutluoglu@example.com, 45, male, beautifulelephant373, garden
Hana, Wright, hana.wright@example.com, 34, female, purplekoala839, thirty
آرتين, رضایی, artyn.rdyy@example.com, 43, male, organicmeercat176, sharon
سام, سلطانی نژاد, sm.sltnynjd@example.com, 50, male, tinypanda616, abstr
Ritthy, Bates, ritthy.bates@example.com, 61, male, lazytiger271, buceta
Ethel, Garcia, ethel.garcia@example.com, 37, female, silverdog974, lespaul
Anneli, Heen, anneli.heen@example.com, 74, female, brownbutterfly973, traffic
Ceylan, Yıldırım, ceylan.yildirim@example.com, 54, female, ticklishbutterfly641, 1985
Elcke, Schrijer, elcke.schrijer@example.com, 75, female, goldenleopard241, 191919
Marie-Theres, Bethke, marie-theres.bethke@example.com, 68, female, happyleopard626, 336699
Zachary, Grewal, zachary.grewal@example.com, 58, male, greenbear152, 151515
Theo, Kowalski, theo.kowalski@example.com, 66, male, tinyelephant303, jerry1
Ea, Lindgaard, ea.lindgaard@example.com, 61, female, sadgoose874, axio
بهار, یاسمی, bhr.ysmy@example.com, 25, female, lazyduck792, 6464
Maelya, Aubert, maelya.aubert@example.com, 36, female, blackpeacock828, cutlass
Aïda, Meinema, aida.meinema@example.com, 38, female, blackfish867, soleil
Erin, Fletcher, erin.fletcher@example.com, 47, female, lazybear183, olivia
Maëly, Laurent, maely.laurent@example.com, 63, female, crazypeacock757, tiger
Salvador, Cruz, salvador.cruz@example.com, 62, male, organicbird852, glock
Sindre, Gjermundsen, sindre.gjermundsen@example.com, 52, male, bigmouse756, iwantu
Antoinette, Leroux, antoinette.leroux@example.com, 27, female, yellowcat924, hughes
Anton, Lampo, anton.lampo@example.com, 23, male, bigmeercat767, stud
Janet, Warren, janet.warren@example.com, 48, female, yellowgoose558, babies
Manuela, Fuentes, manuela.fuentes@example.com, 40, female, lazywolf933, homer
مهدیس, قاسمی, mhdys.qsmy@example.com, 42, female, yellowcat223, casper1
Elif, Özbey, elif.ozbey@example.com, 29, female, orangeswan670, tttttttt
Elli, Benning, elli.benning@example.com, 29, female, tinyleopard659, lawyer
Pilar, Mendez, pilar.mendez@example.com, 40, female, whiteleopard243, astro
Tracey, Walters, tracey.walters@example.com, 75, female, bigmeercat197, hockey1
Same, Palmer, same.palmer@example.com, 37, male, organicpanda981, odessa
Louise, Davis, louise.davis@example.com, 56, female, happygorilla298, family
علیرضا, قاسمی, aalyrd.qsmy@example.com, 70, male, greenrabbit409, megadeth
Sam, Richards, sam.richards@example.com, 46, male, bigfish273, wolfpac
Alev, Van Ruler, alev.vanruler@example.com, 66, female, bigsnake631, bogart
Mattia, Blanc, mattia.blanc@example.com, 47, male, biglion469, 252525
پرنیا, کامروا, prny.khmrw@example.com, 64, female, ticklishbear154, hairy
Jackson, Lee, jackson.lee@example.com, 58, male, greenzebra553, painting
Karla, Portier, karla.portier@example.com, 27, female, brownfrog665, melrose
Théo, Schmitt, theo.schmitt@example.com, 75, male, ticklishmeercat436, jerky
Alexander, Martin, alexander.martin@example.com, 56, male, angrybutterfly979, jiao
Margaret, Pietsch, margaret.pietsch@example.com, 49, female, orangefrog559, climax
Lino, Noel, lino.noel@example.com, 28, male, whitemouse229, flexible
Sofia, Turner, sofia.turner@example.com, 75, female, heavylion875, shaolin
Liva, Poulsen, liva.poulsen@example.com, 63, female, yellowfish704, postman
Logan, Taylor, logan.taylor@example.com, 58, male, purplebird817, technics
Lawrence, Bryant, lawrence.bryant@example.com, 22, male, sadlion343, elephant
پارمیس, رضاییان, prmys.rdyyn@example.com, 31, female, tinyleopard959, vickie
Kai, Ferkingstad, kai.ferkingstad@example.com, 24, male, yellowbird899, spikes
Timoteüs, Hogenes, timoteus.hogenes@example.com, 24, male, smallkoala277, 1999
Raphael, Perez, raphael.perez@example.com, 47, male, crazydog286, lilly
Enrique, Lawson, enrique.lawson@example.com, 61, male, heavybutterfly227, honor
Ilja, Dillmann, ilja.dillmann@example.com, 52, male, redrabbit956, masterbate
German, Sanz, german.sanz@example.com, 35, male, redpanda672, michele
Jane, Porto, jane.porto@example.com, 30, female, smallmouse959, bingo1
Wilma, Randen, wilma.randen@example.com, 74, female, yellowlion642, florian
Kurt, Farragher, kurt.farragher@example.com, 52, male, ticklishlion585, diving
Emmi, Wirta, emmi.wirta@example.com, 43, female, crazyleopard913, douglas
Julia, Claire, julia.claire@example.com, 75, female, goldengoose620, just4fun
Umut, Dağdaş, umut.dagdas@example.com, 47, male, purplebutterfly291, baddest
Nixon, King, nixon.king@example.com, 66, male, orangemouse491, hitman
Youandi, Verheijden, youandi.verheijden@example.com, 75, female, tinyswan620, store
Ernest, Nguyen, ernest.nguyen@example.com, 34, male, ticklishleopard464, fred
Samuel, Coleman, samuel.coleman@example.com, 40, male, silverswan476, marathon
Sara, Lahti, sara.lahti@example.com, 61, female, purplefrog850, tigger2
Elena, Serrano, elena.serrano@example.com, 43, female, goldenbutterfly859, chase1
Andrew, Watkins, andrew.watkins@example.com, 56, male, happycat712, lovelove
یاسمین, جعفری, ysmyn.jaafry@example.com, 38, female, organicgoose815, heidi1
Victoria, Bates, victoria.bates@example.com, 45, female, crazyrabbit295, shark
Victoria, Chapman, victoria.chapman@example.com, 24, female, ticklishmeercat178, trucker
Thea, Singh, thea.singh@example.com, 39, female, heavybear839, buckeyes
Naomi, Singh, naomi.singh@example.com, 51, female, purpleelephant773, tribal
Nathan, Moulin, nathan.moulin@example.com, 27, male, tinyfrog866, ib6ub9
Kim, Chavez, kim.chavez@example.com, 63, female, redduck168, 1974
Oliwier, Askim, oliwier.askim@example.com, 39, male, whiteleopard822, chains
Kübra, Özbey, kubra.ozbey@example.com, 44, female, goldensnake812, skylar
Ayaan, Holstad, ayaan.holstad@example.com, 64, male, orangebutterfly873, jerkoff
Grace, Carr, grace.carr@example.com, 72, female, saddog677, edgar
Mildred, Burns, mildred.burns@example.com, 63, female, organicdog466, beaver
Montserrat, Ferrer, montserrat.ferrer@example.com, 48, female, purpleelephant936, bonjour
Estelle, Lacroix, estelle.lacroix@example.com, 43, female, smalldog851, reload
Donna, Sullivan, donna.sullivan@example.com, 52, female, organicsnake460, theman
Mandy, Webb, mandy.webb@example.com, 67, female, beautifulbird767, michael2
Nina, Gunnarsson, nina.gunnarsson@example.com, 23, female, crazypanda936, danger
Vedat, Pektemek, vedat.pektemek@example.com, 65, male, yellowtiger246, passwor1
Heather, Castillo, heather.castillo@example.com, 52, female, sadwolf781, window
Florence, Smith, florence.smith@example.com, 60, female, whitesnake840, budweise
Christina, Sell, christina.sell@example.com, 57, female, smallfrog390, chilly
Sifredo, Melo, sifredo.melo@example.com, 58, male, redfish422, poodle
Amélia, Carvalho, amelia.carvalho@example.com, 49, female, smallbird632, cong
Maja, Anton, maja.anton@example.com, 54, female, silverbird974, stellar
Tilje, Stenstad, tilje.stenstad@example.com, 37, female, smallwolf604, mahler
Sylwia, Schleich, sylwia.schleich@example.com, 37, female, blueostrich883, stone
Gonca, Adan, gonca.adan@example.com, 33, female, yellowzebra830, benny
مارال, رضاییان, mrl.rdyyn@example.com, 42, female, happyostrich760, verizon
Oona, Wuori, oona.wuori@example.com, 56, female, yellowgorilla500, chuang
Noélie, Denis, noelie.denis@example.com, 38, female, beautifulgoose934, clark
Ramon, Akbulut, ramon.akbulut@example.com, 67, male, angrybear714, stripper
Kristin, Shaw, kristin.shaw@example.com, 54, female, ticklishgoose950, nipple
Serginho, Segeren, serginho.segeren@example.com, 24, male, heavyfrog601, modelsne
Luna, Renard, luna.renard@example.com, 39, female, ticklishswan554, scanner
Jennifer, Bishop, jennifer.bishop@example.com, 47, female, beautifulgorilla942, target
Quinn, Green, quinn.green@example.com, 25, male, tinyrabbit129, bigguns
Andy, Perkins, andy.perkins@example.com, 56, male, heavyostrich188, amadeus
Melvin, Brooks, melvin.brooks@example.com, 49, male, organicladybug822, sailboat
Benta, Costa, benta.costa@example.com, 36, female, smallgorilla157, amazing
Scarlett, Wade, scarlett.wade@example.com, 43, female, yellowgoose185, incubus
Ian, Ruiz, ian.ruiz@example.com, 74, male, beautifulleopard560, charlie1
Laura, Sørensen, laura.sorensen@example.com, 60, female, heavybutterfly942, twisted
Ethan, Marie, ethan.marie@example.com, 37, male, beautifulpanda222, gareth
Jordan, Charles, jordan.charles@example.com, 42, male, blackladybug162, hahahaha
Cory, Gomez, cory.gomez@example.com, 34, male, browngoose134, smudge
Jack, Knight, jack.knight@example.com, 27, male, redfrog254, brad
Alfred, Samdal, alfred.samdal@example.com, 40, male, smallswan611, damian
Clara, Martin, clara.martin@example.com, 50, female, whiteelephant836, strider
Chloe, Cooper, chloe.cooper@example.com, 42, female, brownmouse926, letmein1
Sophia, Smith, sophia.smith@example.com, 31, female, yellowduck650, vette
Kenan, Ozansoy, kenan.ozansoy@example.com, 31, male, angryswan281, vaughn
Silje, Jørgensen, silje.jorgensen@example.com, 29, female, brownelephant124, cards
Nurdan, Saygıner, nurdan.sayginer@example.com, 67, female, beautifulelephant163, jess
Olivia, Jensen, olivia.jensen@example.com, 70, female, beautifulgoose622, 1976
Ava, Cunningham, ava.cunningham@example.com, 58, female, biglion384, horny
Patryk, Harkestad, patryk.harkestad@example.com, 24, male, ticklishlion510, havana
Holly, Day, holly.day@example.com, 36, female, whitemeercat791, presiden
Diego, Arias, diego.arias@example.com, 37, male, ticklishostrich743, ameteur
Thamar, Frederiks, thamar.frederiks@example.com, 53, female, goldenlion430, brittney
Matthew, Andersen, matthew.andersen@example.com, 34, male, smallzebra450, potter
Sheryl, Spencer, sheryl.spencer@example.com, 48, female, organicbear348, aaaa
Ava, Smith, ava.smith@example.com, 42, female, lazytiger494, 232323
Lubna, Tepper, lubna.tepper@example.com, 36, female, ticklishmouse300, barcelona
Emily, Henry, emily.henry@example.com, 67, female, crazybear826, 1997
Jasmine, Lavoie, jasmine.lavoie@example.com, 59, female, blackcat970, govols
Ngoc, Hofmans, ngoc.hofmans@example.com, 57, female, purplebird587, shalom
Scarlett, Gregory, scarlett.gregory@example.com, 75, female, crazyduck923, thx1138
آیلین, کریمی, aylyn.khrymy@example.com, 58, female, ticklishostrich556, sommer
Okan, Sezek, okan.sezek@example.com, 39, male, sadbird964, russell
Vilma, Hamalainen, vilma.hamalainen@example.com, 26, female, tinyfrog685, napster
Lotta, Tanner, lotta.tanner@example.com, 49, female, silverelephant351, annie1
Javier, Romero, javier.romero@example.com, 22, male, smallgorilla560, tototo
Julia, Hakala, julia.hakala@example.com, 56, female, orangefish456, bonjovi
Marie, Kuhn, marie.kuhn@example.com, 62, female, angrywolf716, glasses
Nathan, Cooper, nathan.cooper@example.com, 25, male, organiclion882, emma
Mathilde, Poulsen, mathilde.poulsen@example.com, 22, female, ticklishgorilla560, eatme
Chad, Rivera, chad.rivera@example.com, 25, male, smalllion389, stella
Amalie, Mortensen, amalie.mortensen@example.com, 59, female, goldenpanda102, divers
Chloe, Claire, chloe.claire@example.com, 75, female, brownmouse199, close
Liana, Fernandes, liana.fernandes@example.com, 32, female, bluedog769, franklin
Nurcan, Lichtenberg, nurcan.lichtenberg@example.com, 59, female, angrysnake776, hotgirls
Enver, Colin, enver.colin@example.com, 54, male, smallswan603, willis
سارا, کریمی, sr.khrymy@example.com, 41, female, lazysnake645, madmax
Amanda, Heino, amanda.heino@example.com, 74, female, redbutterfly782, dentist
Kyo, Koekoek, kyo.koekoek@example.com, 65, male, sadmouse215, apple123
Hailey, Nordhaug, hailey.nordhaug@example.com, 56, female, whiteelephant967, vvvvvvv
Beatrice, Addy, beatrice.addy@example.com, 74, female, purpleostrich945, stalin
Bernardina, Kerckhoffs, bernardina.kerckhoffs@example.com, 58, female, purplesnake450, diego
Nelson, Thomas, nelson.thomas@example.com, 38, male, purplerabbit398, test1
Thiago, Laurent, thiago.laurent@example.com, 65, male, blackduck202, kittie
Safira, das Neves, safira.dasneves@example.com, 68, female, silvergoose767, boozer
Miro, Peltola, miro.peltola@example.com, 61, male, blueladybug592, chester
Joakim, Keppel, joakim.keppel@example.com, 32, male, lazyleopard531, italy
Viviana, Aragão, viviana.aragao@example.com, 58, female, brownostrich173, yaya
Neide, Farias, neide.farias@example.com, 70, female, sadmeercat160, fatima
Barry, Boyd, barry.boyd@example.com, 58, male, goldenpeacock254, dentist
Judas, Melo, judas.melo@example.com, 53, male, bigpanda270, domain
Sean, Fernandez, sean.fernandez@example.com, 66, male, bigbutterfly616, 000007
Maria, Smith, maria.smith@example.com, 24, female, happyzebra978, brando
Silvester, Kooper, silvester.kooper@example.com, 41, male, whitefrog175, 1000
Vildan, Balcı, vildan.balci@example.com, 33, female, happyswan939, aztnm
Gerardo, Sanchez, gerardo.sanchez@example.com, 64, male, sadbear730, waldo1
کیمیا, صدر, khymy.sdr@example.com, 67, female, bigpanda463, consumer
Britney, Graves, britney.graves@example.com, 39, female, goldenkoala727, hambone
Rosmarie, Muller, rosmarie.muller@example.com, 71, female, greenbear346, wild
Mylan, Laurent, mylan.laurent@example.com, 27, male, crazyostrich714, hun999
Soledad, Montero, soledad.montero@example.com, 67, female, happygorilla254, austin31
Elijah, Volden, elijah.volden@example.com, 27, male, smallfrog438, bdsm
Maja, Jensen, maja.jensen@example.com, 39, female, beautifulelephant746, killbill
Emile, Bourgeois, emile.bourgeois@example.com, 75, male, brownrabbit663, pisces
اميرمحمد, کامروا, myrmhmd.khmrw@example.com, 49, male, yellowfish858, 575757
Mestan, Tuğluk, mestan.tugluk@example.com, 47, female, sadostrich181, qwerty1
Edwin, Snyder, edwin.snyder@example.com, 49, male, goldenbear303, command
Angelina, Leroy, angelina.leroy@example.com, 28, female, redbutterfly191, thegame
Amandine, David, amandine.david@example.com, 47, female, bigkoala447, paris
Isaiah, Hansen, isaiah.hansen@example.com, 59, male, happyostrich199, kramer
Yanis, Schmitt, yanis.schmitt@example.com, 72, male, happyswan578, zorro
Ece, Ayaydın, ece.ayaydin@example.com, 75, female, blueelephant772, ou8122
بنیامین, موسوی, bnymyn.mwswy@example.com, 47, male, smallswan732, lisalisa
Naomi, Bishop, naomi.bishop@example.com, 42, female, whiterabbit209, redline
Ethel, Murray, ethel.murray@example.com, 39, female, beautifullion809, 456456
Simon, Thompson, simon.thompson@example.com, 28, male, greenzebra550, mollie
اميرحسين, صدر, myrhsyn.sdr@example.com, 36, male, sadsnake218, hornet
Ella, Chow, ella.chow@example.com, 70, female, tinyzebra245, sandiego
Ricardo, Chavez, ricardo.chavez@example.com, 53, male, smalldog892, jumper
Viveque, Pereira, viveque.pereira@example.com, 57, male, bigpeacock166, fishes
Eva, Clarke, eva.clarke@example.com, 35, female, smallleopard931, electron
Lucas, Madsen, lucas.madsen@example.com, 65, male, heavylion544, chloe1
Noélie, Mercier, noelie.mercier@example.com, 38, female, silvermouse664, body
Luis, Navarro, luis.navarro@example.com, 57, male, lazyfrog537, hamster
Lourina, Dekens, lourina.dekens@example.com, 51, female, smallcat774, access
Ryan, Abraham, ryan.abraham@example.com, 55, male, orangebutterfly295, brando
Tseard, Vogels, tseard.vogels@example.com, 71, male, purplepanda745, tyvugq
Alicia, Duncan, alicia.duncan@example.com, 57, female, organicdog423, vader
Râdamas, Fernandes, radamas.fernandes@example.com, 26, male, blackleopard821, hobbit
Olivia, Tervo, olivia.tervo@example.com, 44, female, sadbutterfly803, bruins
Magnus, Hansen, magnus.hansen@example.com, 24, male, silverostrich905, weed420
Lauri, Kumpula, lauri.kumpula@example.com, 75, male, brownleopard535, mittens
April, Morrison, april.morrison@example.com, 62, female, goldenelephant905, admin1
Carolina, Marquez, carolina.marquez@example.com, 22, female, organicrabbit807, megaman
Arthur, Renard, arthur.renard@example.com, 75, male, bigcat383, thong
Jordan, Riviere, jordan.riviere@example.com, 70, male, tinysnake488, 5wr2i7h8
Kathleen, Gaida, kathleen.gaida@example.com, 65, female, redswan919, girlies
هلیا, پارسا, hly.prs@example.com, 53, female, sadfish358, 1951
Basílio, Novaes, basilio.novaes@example.com, 28, male, organicswan987, modles
Ramon, Fleury, ramon.fleury@example.com, 57, male, redlion886, verizon
Gino, Roche, gino.roche@example.com, 72, male, tinymouse112, brian1
Emilia, Saksa, emilia.saksa@example.com, 48, female, brownduck918, angela1
Ivo, Wolfrum, ivo.wolfrum@example.com, 43, male, orangewolf189, yvonne
Rasmus, Pulkkinen, rasmus.pulkkinen@example.com, 24, male, blackelephant196, london
Jose, Iglesias, jose.iglesias@example.com, 57, female, crazybutterfly175, marcus
Milo, Lemoine, milo.lemoine@example.com, 57, male, tinybutterfly706, slacker
Josep, Reyes, josep.reyes@example.com, 75, male, ticklishfrog747, badger
Jerome, Campbell, jerome.campbell@example.com, 66, male, orangebear507, fletcher
Amanda, Ruiz, amanda.ruiz@example.com, 55, female, greenmeercat849, russia
Ilyas, Schrøder, ilyas.schroder@example.com, 29, male, orangewolf234, myspace1
Karsten, Rosland, karsten.rosland@example.com, 64, male, orangebutterfly743, lithium
Leora, Kuin, leora.kuin@example.com, 40, female, bigbear590, brewer
Emil, Petersen, emil.petersen@example.com, 71, male, ticklishbird217, tights
Sebastian, Suarez, sebastian.suarez@example.com, 53, male, ticklishcat164, laura1
Henry, Kötter, henry.kotter@example.com, 40, male, silverladybug760, spread
Susana, Castillo, susana.castillo@example.com, 24, female, smallfish210, dupont
Necati, Kumcuoğlu, necati.kumcuoglu@example.com, 37, male, beautifulostrich634, musica
Isabella, Madsen, isabella.madsen@example.com, 44, female, blackpeacock206, diao
Thibault, Dumont, thibault.dumont@example.com, 69, male, greengoose680, toon
Izzie, Jimenez, izzie.jimenez@example.com, 59, female, goldengorilla939, salsero
Carlos, Price, carlos.price@example.com, 73, male, lazypeacock796, cicero
Freddie, Turner, freddie.turner@example.com, 66, male, crazygoose756, cyborg
Valdemar, Petersen, valdemar.petersen@example.com, 28, male, orangebird688, scotty
Otoniel, Fernandes, otoniel.fernandes@example.com, 53, male, silverswan628, mail
Mehmet, Beşok, mehmet.besok@example.com, 72, male, goldensnake224, juice
Genésio, Rodrigues, genesio.rodrigues@example.com, 64, male, bluetiger512, greenday
Owen, Arnold, owen.arnold@example.com, 69, male, ticklishpeacock345, chocolat
Fatih, Yıldızoğlu, fatih.yildizoglu@example.com, 27, male, lazygorilla264, callie
Sáli, Melo, sali.melo@example.com, 43, male, goldenmeercat550, muffin1
Mirco, Buschmann, mirco.buschmann@example.com, 35, male, redrabbit327, corwin
Adalsino, Silva, adalsino.silva@example.com, 71, male, bigwolf394, stephen1
Jesus, Sanchez, jesus.sanchez@example.com, 59, male, biggorilla134, ppppp
Cristian, Prieto, cristian.prieto@example.com, 30, male, happybird681, katie1
Lauren, Gardner, lauren.gardner@example.com, 72, female, goldengorilla500, thumb
Anna, Pedersen, anna.pedersen@example.com, 69, female, angrymeercat523, eeyore
Alyssa, David, alyssa.david@example.com, 25, female, crazytiger857, eric
Grace, Gillebo, grace.gillebo@example.com, 24, female, bigbear794, daewoo
Macit, Mayhoş, macit.mayhos@example.com, 46, male, yellowfrog601, lesbians
Ellen, Kauppi, ellen.kauppi@example.com, 70, female, orangeduck244, anything
Emilio, Aguilar, emilio.aguilar@example.com, 34, male, bigduck934, kkkkkkk
Ernest, Rolland, ernest.rolland@example.com, 24, male, bigostrich550, vinnie
Casimiro, Porto, casimiro.porto@example.com, 31, male, blackbutterfly966, thailand
Adolfo, Caballero, adolfo.caballero@example.com, 52, male, beautifulpanda509, tuan
Elifaza, Dias, elifaza.dias@example.com, 72, female, crazyfish464, macaroni
Alysha, Vogelzang, alysha.vogelzang@example.com, 29, female, angrykoala832, jennaj
Elli, Rautenberg, elli.rautenberg@example.com, 70, female, smallpeacock550, football1
Karla, Rasmussen, karla.rasmussen@example.com, 67, female, angryrabbit732, thebear
Chris, Lynch, chris.lynch@example.com, 60, male, greenlion454, miracle
Donaldo, Ramos, donaldo.ramos@example.com, 62, male, greenbird523, irish1
Margherita, Mercier, margherita.mercier@example.com, 47, female, lazyfrog836, dancing
Aino, Waara, aino.waara@example.com, 24, female, goldenostrich343, chevrole
Lorena, Moraes, lorena.moraes@example.com, 53, female, heavyzebra619, mona
Philip, Ginnish, philip.ginnish@example.com, 58, male, smallgoose400, yeah
Matteus, Taraldsen, matteus.taraldsen@example.com, 32, male, yellowmouse875, adonis
محمدپارسا, نجاتی, mhmdprs.njty@example.com, 49, male, sadladybug198, norman
Emmi, Pelto, emmi.pelto@example.com, 29, female, redswan679, printing
Manon, Rousseau, manon.rousseau@example.com, 59, female, happypanda856, hole
Alfonso, Suarez, alfonso.suarez@example.com, 71, male, blackgorilla892, 030303
آدرینا, علیزاده, adryn.aalyzdh@example.com, 61, female, organicpanda621, greatone
James, Lévesque, james.levesque@example.com, 32, male, lazyswan113, julie
Thomas, Burns, thomas.burns@example.com, 76, male, ticklishpanda889, dream
Amelia, Fitzgerald, amelia.fitzgerald@example.com, 30, female, goldenmeercat889, collin
Alison, Watson, alison.watson@example.com, 70, female, bigswan589, badgers
دینا, نجاتی, dyn.njty@example.com, 40, female, redwolf245, yumyum
Fatima, Cano, fatima.cano@example.com, 23, female, silverbird402, philippe
Sharlene, Daniels, sharlene.daniels@example.com, 24, female, ticklishkoala350, bigd
Sofia, Martins, sofia.martins@example.com, 62, female, greenfish315, stick
Nicklas, Jørgensen, nicklas.jorgensen@example.com, 25, male, smallgorilla898, lalakers
Matteo, Melvold, matteo.melvold@example.com, 67, male, bluelion438, runaway
Cathy, Boyd, cathy.boyd@example.com, 44, female, whitepeacock884, enterpri
Ava, Wright, ava.wright@example.com, 74, female, purplemouse808, clouds
Nicky, Olson, nicky.olson@example.com, 23, female, silversnake434, feeling
Victor, Martin, victor.martin@example.com, 45, male, organicsnake337, blaster
Annette, Barnett, annette.barnett@example.com, 69, female, organicelephant533, coolman
Kaylee, Garrett, kaylee.garrett@example.com, 58, female, beautifulladybug794, blueeyes
Pedro, Fowler, pedro.fowler@example.com, 55, male, orangeelephant179, bong
Toby, Taylor, toby.taylor@example.com, 66, male, whitemeercat222, 3030
Felix, Olsen, felix.olsen@example.com, 53, male, bluefrog660, birthday4
Xavier, Barnaby, xavier.barnaby@example.com, 62, male, redbutterfly685, beowulf
Jonathan, Tjessem, jonathan.tjessem@example.com, 33, male, beautifulwolf934, denise
Malou, Møller, malou.moller@example.com, 41, female, beautifuldog232, chantal
Anna-Lena, Kügler, anna-lena.kugler@example.com, 44, female, heavymouse343, yoyoma
Leila, Hop, leila.hop@example.com, 60, female, greensnake260, hentai
Pedro, Morales, pedro.morales@example.com, 71, male, ticklishswan586, smitty
Nanna, Mortensen, nanna.mortensen@example.com, 39, female, blackrabbit818, guinness
Christian, Johansen, christian.johansen@example.com, 42, male, beautifulostrich374, cross
Noah, Gutierrez, noah.gutierrez@example.com, 27, male, ticklishsnake973, ttttttt
Connie, Harper, connie.harper@example.com, 64, female, crazysnake941, jammer
Carolina, Prieto, carolina.prieto@example.com, 42, female, sadladybug275, jasmine1
Hunter, Claire, hunter.claire@example.com, 73, male, lazyduck913, dwight
Craig, Russell, craig.russell@example.com, 38, male, orangepanda297, 1952
Meral, Koç, meral.koc@example.com, 60, female, greendog740, akira
Lily, Bélanger, lily.belanger@example.com, 51, female, tinycat814, david1
Meral, Poçan, meral.pocan@example.com, 62, female, ticklishostrich867, sweetnes
Jeanine, Van Harten, jeanine.vanharten@example.com, 62, female, bigmouse332, 3434
Teresa, Ellis, teresa.ellis@example.com, 43, female, purpleduck566, edison
Sofia, Hanninen, sofia.hanninen@example.com, 47, female, orangedog266, grumpy
Leone, Luik, leone.luik@example.com, 45, female, blueelephant819, eclipse
Brooklyn, Lee, brooklyn.lee@example.com, 52, female, silvercat814, briana
Kaya, Özdenak, kaya.ozdenak@example.com, 49, male, greenpeacock578, chrissy
Rocco, Lecomte, rocco.lecomte@example.com, 55, male, redduck309, 545454
Amalia, Neumeier, amalia.neumeier@example.com, 62, female, sadswan623, lantern
Lucy, Brown, lucy.brown@example.com, 70, female, yellowtiger877, johnboy
Sofia, Mitchelle, sofia.mitchelle@example.com, 76, female, lazyleopard868, hawaii
پریا, نجاتی, pry.njty@example.com, 23, female, sadwolf730, dhip6a
Milena, Yildiz, milena.yildiz@example.com, 45, female, organicswan261, mandy1
Florens, Disco, florens.disco@example.com, 60, male, organicgorilla578, riffraff
Susanna, Phillips, susanna.phillips@example.com, 46, female, blueduck765, borders
Dennie, Van der Moolen, dennie.vandermoolen@example.com, 59, male, angryelephant832, stocks
Tim, Lecomte, tim.lecomte@example.com, 57, male, happymeercat934, delilah
Ava, Singh, ava.singh@example.com, 23, female, tinygoose640, nikki1
Milton, Jennings, milton.jennings@example.com, 35, male, redostrich183, noah
Ritthy, Davis, ritthy.davis@example.com, 25, male, bluepanda846, garfield
Nikolaj, Nielsen, nikolaj.nielsen@example.com, 39, male, smallwolf272, mookie
آرسین, مرادی, arsyn.mrdy@example.com, 24, male, tinyleopard701, skunk
Heather, Lee, heather.lee@example.com, 42, female, organicmouse850, ringo
Marie-Christine, Mathieu, marie-christine.mathieu@example.com, 56, female, greenbird424, 2002
Tracy, Fowler, tracy.fowler@example.com, 27, female, redwolf850, gunther
Roberto, Vincent, roberto.vincent@example.com, 28, male, tinyzebra150, damian
Ferdinand, Kloss, ferdinand.kloss@example.com, 44, male, goldenbird322, clovis
کیمیا, مرادی, khymy.mrdy@example.com, 53, female, silverlion131, 515000
Caitlin, Taylor, caitlin.taylor@example.com, 48, female, ticklishladybug859, imation
Sandra, Walters, sandra.walters@example.com, 59, female, angryfish745, felipe
Lauren, Jordan, lauren.jordan@example.com, 50, female, tinymouse586, vampire
Madelen, Bergstrøm, madelen.bergstrom@example.com, 48, female, silverbear444, thethe
Herman, Cunningham, herman.cunningham@example.com, 59, male, sadladybug554, 555555
Minttu, Nikula, minttu.nikula@example.com, 64, female, beautifulbird738, 20202020
Natasa, Thomas, natasa.thomas@example.com, 32, female, yellowpanda117, stone1
Nicklas, Sørensen, nicklas.sorensen@example.com, 72, male, purplelion733, maxima
Bella, Fuller, bella.fuller@example.com, 64, female, happygoose589, zenith
Liliane, Moraes, liliane.moraes@example.com, 43, female, crazyfrog966, alexa
Keira, Martin, keira.martin@example.com, 65, female, yellowtiger224, iamgod
Ceren, Hoogeveen, ceren.hoogeveen@example.com, 23, female, whitemeercat131, dank
Yasemin, Akman, yasemin.akman@example.com, 33, female, whitebird599, jump
Sophia, Johnson, sophia.johnson@example.com, 41, female, angryostrich865, peanut1
Daniela, Van der Does, daniela.vanderdoes@example.com, 51, female, organiclion486, galore
Sonia, Ross, sonia.ross@example.com, 37, female, bigswan634, delaware
Sergio, Cruz, sergio.cruz@example.com, 43, male, greenswan606, punkin
Onur, Atan, onur.atan@example.com, 59, male, silvercat565, 1971
Samir, Frøyen, samir.froyen@example.com, 42, male, sadwolf407, strife
Logan, Hamilton, logan.hamilton@example.com, 54, male, goldenbear282, redman
Ramadan, Meunier, ramadan.meunier@example.com, 42, male, sadswan711, dolphin
Heather, Austin, heather.austin@example.com, 33, female, bigzebra867, cyclops
Basile, Dumont, basile.dumont@example.com, 32, male, crazylion581, 6464
Ali, Özdenak, ali.ozdenak@example.com, 35, male, happyladybug759, astros
Adriana, Campos, adriana.campos@example.com, 56, female, orangemouse599, 1210
Lauren, Brown, lauren.brown@example.com, 30, female, angryzebra606, ninja1
Anine, Glad, anine.glad@example.com, 74, female, yellowkoala326, hoops
پارمیس, پارسا, prmys.prs@example.com, 67, female, happycat560, louise
Daniel, Lepisto, daniel.lepisto@example.com, 50, male, goldenbird696, jacques
Gabriel, Carpenter, gabriel.carpenter@example.com, 70, male, sadtiger977, capricor
Siglinde, Sohn, siglinde.sohn@example.com, 39, female, bluebear725, kristian
Isaac, Vazquez, isaac.vazquez@example.com, 34, male, heavyfrog423, alicia
Aminda, Østervold, aminda.ostervold@example.com, 46, female, purplezebra501, guess
Mia, Coleman, mia.coleman@example.com, 35, female, goldenelephant500, helmet
Paige, Lewis, paige.lewis@example.com, 24, female, bigfish259, runner
Samira, Martins, samira.martins@example.com, 31, female, ticklishmeercat313, chao
Ellen, Jarvela, ellen.jarvela@example.com, 61, female, angryswan677, linkin
Beverly, Carroll, beverly.carroll@example.com, 48, female, greenladybug145, conrad
Ella, Martin, ella.martin@example.com, 46, female, heavypanda355, lakeside
Logan, Li, logan.li@example.com, 25, male, whitelion354, encore
بنیامین, حسینی, bnymyn.hsyny@example.com, 51, male, ticklishbird734, trumpet
Elko, Brandt, elko.brandt@example.com, 50, male, yellowdog552, carrot
Slavica, Rüger, slavica.ruger@example.com, 64, female, lazymeercat391, 505050
Tilde, Rasmussen, tilde.rasmussen@example.com, 39, female, smallbutterfly925, butler
Oskari, Kotila, oskari.kotila@example.com, 63, male, angryswan305, sylvia
Josué, Rezende, josue.rezende@example.com, 32, male, beautifulrabbit117, patriot
Mathea, Bu, mathea.bu@example.com, 50, female, redleopard528, bcfields
Emil, Nielsen, emil.nielsen@example.com, 68, male, whitemeercat621, trojan
محمدطاها, یاسمی, mhmdth.ysmy@example.com, 32, male, sadsnake290, maryjane
بیتا, مرادی, byt.mrdy@example.com, 23, female, greendog574, harris
Lillian, Sullivan, lillian.sullivan@example.com, 64, female, ticklishtiger315, briana
Jenny, Valkering, jenny.valkering@example.com, 57, female, organicpanda228, hurley
Philip, Jørgensen, philip.jorgensen@example.com, 34, male, purpleostrich110, jerky
Gonca, Erçetin, gonca.ercetin@example.com, 32, female, smalldog789, drew
Fatih, Öymen, fatih.oymen@example.com, 54, male, angryleopard207, skywalker
August, Sørensen, august.sorensen@example.com, 62, male, sadbutterfly809, screwy
Gerald, Ramirez, gerald.ramirez@example.com, 28, male, crazymeercat698, japanees
Gwendolyn, Williamson, gwendolyn.williamson@example.com, 23, female, beautifullion993, kimball
Tilde, Jensen, tilde.jensen@example.com, 34, female, smallrabbit752, diamond
Hanna, Espelid, hanna.espelid@example.com, 52, female, biggoose328, 898989
Hedda, Holmberg, hedda.holmberg@example.com, 53, female, brownmeercat685, nasty
Thiago, Carpentier, thiago.carpentier@example.com, 51, male, greenswan863, kitten
Delphine, Bélanger, delphine.belanger@example.com, 72, female, ticklishfrog156, golfer1
Ivy, Green, ivy.green@example.com, 63, female, silverbutterfly609, brendan
Kenan, Tunaboylu, kenan.tunaboylu@example.com, 48, male, organicsnake854, avalon
Julie, Christiansen, julie.christiansen@example.com, 60, female, orangesnake430, puppy
Luisa, Herrero, luisa.herrero@example.com, 56, female, angryduck988, kokomo
Aubree, Mitchell, aubree.mitchell@example.com, 28, female, silverswan586, paintball
Jean-Luc, Caron, jean-luc.caron@example.com, 33, male, redlion328, madness
Väinö, Ruona, vaino.ruona@example.com, 71, male, beautifulleopard362, plum
Charlotte, Li, charlotte.li@example.com, 31, female, yellowostrich910, polly
شایان, علیزاده, shyn.aalyzdh@example.com, 74, male, sadostrich670, beardog
Steve, Byrd, steve.byrd@example.com, 33, male, redwolf711, thumbnils
Custódia, da Mota, custodia.damota@example.com, 34, female, yellowpeacock473, dalejr
Sergi, Van der Sloot, sergi.vandersloot@example.com, 63, male, tinyelephant802, leader
Frank-Peter, Wolfrum, frank-peter.wolfrum@example.com, 22, male, orangegorilla896, partner
Jeffery, Olson, jeffery.olson@example.com, 69, male, heavyfrog412, blanked
Dean, Snyder, dean.snyder@example.com, 50, male, greenwolf185, samantha
مارال, جعفری, mrl.jaafry@example.com, 24, female, reddog819, silver
Jerusa, Nascimento, jerusa.nascimento@example.com, 71, female, beautifulleopard239, magick
Fabrizio, Schmitt, fabrizio.schmitt@example.com, 31, male, purplekoala936, jessica
Craig, Ellis, craig.ellis@example.com, 66, male, tinyrabbit153, nookie
Victoria, Day, victoria.day@example.com, 36, female, blackfrog733, dogbert
Mélina, Dupuis, melina.dupuis@example.com, 51, female, silverbutterfly428, asdf12
Kerim, Orbay, kerim.orbay@example.com, 28, male, purplebird771, braves
Jack, Davies, jack.davies@example.com, 55, male, lazypeacock383, 1211
Oliver, Keto, oliver.keto@example.com, 73, male, purplegoose169, pancho
Camille, Ottink, camille.ottink@example.com, 74, male, orangedog838, court
Ceylan, Toraman, ceylan.toraman@example.com, 23, female, bigtiger118, nomad
Ella, Madsen, ella.madsen@example.com, 29, female, smallfrog889, bears
Billy, Morgan, billy.morgan@example.com, 61, male, happykoala444, paul
Aurélien, Robert, aurelien.robert@example.com, 39, male, beautifultiger386, benton
Alyssia, Da Silva, alyssia.dasilva@example.com, 29, female, redduck821, peace
Victor, Christensen, victor.christensen@example.com, 30, male, greenelephant602, latinas
Victoria, Hüttner, victoria.huttner@example.com, 73, female, heavyfrog372, debbie
Herminia, Williams, herminia.williams@example.com, 36, female, tinyfrog147, taylor1
Jucinara, Fogaça, jucinara.fogaca@example.com, 28, female, yellowsnake144, elijah
عسل, سالاری, aasl.slry@example.com, 43, female, bigduck279, dolphin1
Benjamin, Taylor, benjamin.taylor@example.com, 31, male, ticklishbear237, justme
Önal, Kulaksızoğlu, onal.kulaksizoglu@example.com, 72, male, smallmeercat393, tinman
Louison, Riviere, louison.riviere@example.com, 45, male, whiteduck277, freddy
Aubrey, Clark, aubrey.clark@example.com, 31, female, purplepanda873, skin
Gabriel, Lozano, gabriel.lozano@example.com, 52, male, redrabbit280, purple
Clarisse, Le Gall, clarisse.legall@example.com, 71, female, whitegoose167, trident
Eliah, Hammerø, eliah.hammero@example.com, 56, male, purplefish466, speaker
Afşar, Öymen, afsar.oymen@example.com, 49, female, greengorilla785, jedi
Eryk, Ommundsen, eryk.ommundsen@example.com, 28, male, happyfrog880, greg
Caitlin, Hayes, caitlin.hayes@example.com, 63, female, ticklishswan852, tenchi
Denise, Nguyen, denise.nguyen@example.com, 27, female, beautifulwolf798, scruffy
Malthe, Thomsen, malthe.thomsen@example.com, 39, male, blueleopard472, lithium
Glen, Howell, glen.howell@example.com, 62, male, orangeleopard568, angus
Emmi, Heikkinen, emmi.heikkinen@example.com, 57, female, greenbird731, 1973
Marcus, Mortensen, marcus.mortensen@example.com, 55, male, goldenpeacock981, beckham
Gabriel, Steward, gabriel.steward@example.com, 29, male, ticklishpeacock742, 1979
Oliver, Wright, oliver.wright@example.com, 62, male, purplerabbit913, hard
Freja, Kristensen, freja.kristensen@example.com, 71, female, angryrabbit165, redbird
Konrad, Folland, konrad.folland@example.com, 23, male, redlion372, sites
Nanette, Van Tilburg, nanette.vantilburg@example.com, 57, female, bigtiger819, coucou
Acúrsio, Cardoso, acursio.cardoso@example.com, 52, male, crazyfrog796, tyrone
Carter, Franklin, carter.franklin@example.com, 68, male, blueduck356, pepito
Mikkel, Nielsen, mikkel.nielsen@example.com, 36, male, lazyelephant813, ramrod
Beau, Kumar, beau.kumar@example.com, 26, male, crazytiger850, porsche9
رهام, جعفری, rhm.jaafry@example.com, 40, male, greenmouse906, magnus
Gema, Rojas, gema.rojas@example.com, 59, female, smalldog718, scuba1
Lena, Faure, lena.faure@example.com, 71, female, organicleopard313, blue22
Sam, Newman, sam.newman@example.com, 36, female, purplegoose931, a1234567
Rasmus, Mortensen, rasmus.mortensen@example.com, 62, male, tinybird193, rebel
Marlene, White, marlene.white@example.com, 50, female, bigpeacock669, bulldogs
Dustin, Pierce, dustin.pierce@example.com, 64, male, brownpeacock629, rachel1
Magnus, Jørgensen, magnus.jorgensen@example.com, 69, male, biggoose844, eeyore
Clifford, Beck, clifford.beck@example.com, 35, male, angrypanda228, freeuser
Idris, Fischer, idris.fischer@example.com, 53, male, crazybird464, rusty2
Osman, Durand, osman.durand@example.com, 65, male, smallmeercat493, smelly
Dani, Engstad, dani.engstad@example.com, 32, male, greenleopard491, ranger
سپهر, موسوی, sphr.mwswy@example.com, 76, male, redgoose778, canada
Burim, Mercier, burim.mercier@example.com, 53, male, happykoala143, eduardo
Marina, Cruz, marina.cruz@example.com, 38, female, ticklishlion583, pppppp
Jaxon, Anderson, jaxon.anderson@example.com, 73, male, bigbird439, geoffrey
Ava, Garcia, ava.garcia@example.com, 35, female, greenrabbit495, rico
Elif, Nyhagen, elif.nyhagen@example.com, 27, female, brownpanda560, smelly
Lily, Powell, lily.powell@example.com, 37, female, orangewolf631, doors
